name,organization,homepage,logo,twitter,crunchbase_url,funding,member,relation,tag,license,headquarters,description,crunchbase_description,crunchbase_homepage,crunchbase_city,crunchbase_region,crunchbase_country,crunchbase_twitter,crunchbase_linkedin,crunchbase_ticker,crunchbase_kind,crunchbase_min_employees,crunchbase_max_employees,category,subcategory,oss,github_repo,github_stars,github_description,github_latest_commit_date,github_latest_commit_link,github_latest_release_date,github_latest_release_link,github_start_commit_date,github_start_commit_link,github_contributors_count,github_contributors_link,accepted,incubation,graduated,dev_stats_url,artwork_url,blog_url,mailing_list_url,slack_url,youtube_url,chat_channel,last_audit_date,last_audit_url
Ansible,,https://www.ansible.com,logos/2cc60641844feedf71074606ef7ac7d3903b0c32e9363ab2218068b35b6e24fc.png,,,,,full-open-source,,GNU General Public License v3.0,,"Ansible is a simple, agentless IT automation platform that makes your applications and systems easier to deploy. It's particularly popular in network automation for its ease of use and extensive module library.",,,,,,,,,,,,Automation Tooling,Continuous Configuration Automation (CCA),true,https://github.com/ansible/ansible,65108,"Ansible is a radically simple IT automation platform that makes your applications and systems easier to deploy and maintain. Automate everything from code deployment to network configuration to cloud management, in a language that approaches plain English, using SSH, with no agents to install on remote systems. https://docs.ansible.com.",2025-05-21,https://github.com/ansible/ansible/commit/17cee7a9829869ecb3070fb3b17576b44406eeb4,2025-05-19,https://github.com/ansible/ansible/releases/tag/v2.18.6,2012-02-23,https://github.com/ansible/ansible/commit/f31421576b00f0b167cdbe61217c31c21a41ac02,6892,https://github.com/ansible/ansible/graphs/contributors,,,,,,https://www.ansible.com/blog,,,,,,
anta,,https://anta.arista.com/stable/,logos/d0ef608e9418d635b26d39ec3d7769c70e04cc3c4ca31486ef411e22e0c57805.png,,,,,full-open-source,,Apache License 2.0,,Arista Network Test Automation (ANTA) Framework is a Python framework that automates tests for Arista devices.,,,,,,,,,,,,Network state,"Testing, Compliance & Querying",true,https://github.com/aristanetworks/anta,66,What do you call an ant with frogs legs?,2025-05-20,https://github.com/aristanetworks/anta/commit/0b6b9b579762daa84e745e9f0890582c5761e3ed,2025-05-14,https://github.com/aristanetworks/anta/releases/tag/v1.4.0,2022-02-07,https://github.com/aristanetworks/anta/commit/9130e5939ab545dc4f53b984416f934c7e84176b,26,https://github.com/aristanetworks/anta/graphs/contributors,,,,,,,,,,,,
Apache Airflow,,https://airflow.apache.org,logos/238f83b507400ed1465c4140bafe0e841c81c208bb81a8c66f987b42d429970a.png,,,,,full-open-source,,Apache License 2.0,,"Apache Airflow is an open-source platform that allows for the programmatic creation, scheduling, and monitoring of workflows. It is widely used for orchestrating complex data pipelines and automating tasks across a wide range of industries.",,,,,,,,,,,,Automation Tooling,Automation Platforms and Management,true,https://github.com/apache/airflow,40143,"Apache Airflow - A platform to programmatically author, schedule, and monitor workflows",2025-05-21,https://github.com/apache/airflow/commit/4f94f2257ae33155de0721bdc079dc0b9bd9cd16,2025-05-12,https://github.com/apache/airflow/releases/tag/3.0.1,2014-10-06,https://github.com/apache/airflow/commit/1047940ca4363b04044c4963b9c88f7632746407,3725,https://github.com/apache/airflow/graphs/contributors,,,,,,https://airflow.apache.org/blog,,https://apache-airflow.slack.com/,,,,
AVD,,https://avd.arista.com,logos/0db22a0d8a7c0338276422ef9ddb67dd94c541e5379c45aea710c812555f64ff.png,,,,,full-open-source,,Apache License 2.0,,AVD (Arista Validated Designs) is an Ansible collection that can be used also as a python standalone library (PyAVD) developed by Arista Networks. It provides a set of roles and modules to automate the deployment and management of Arista EOS-based network infrastructures.,,,,,,,,,,,,Python Eco-System,Software Libraries,true,https://github.com/aristanetworks/avd,341,Arista AVD: Architect Validate Deploy,2025-05-21,https://github.com/aristanetworks/avd/commit/04a0880cadb76229daffa04e9801d5c513ca85bb,2025-05-02,https://github.com/aristanetworks/avd/releases/tag/v5.4.0,2019-09-10,https://github.com/aristanetworks/avd/commit/4d7bf3ea2a9bed5c0ff14af619b5c94b365830de,117,https://github.com/aristanetworks/avd/graphs/contributors,,,,,,,,,,,,
AWX,,https://github.com/ansible/awx,logos/1bbab421c6a7b53b4f1208104c1bb7e7192348e4722927012b8743a4c4fb5ef9.svg,,,,,full-open-source,,Other,,"AWX is the open source upstream project for Red Hat Ansible Automation Platform. It provides a web-based user interface, REST API, and task engine for Ansible.",,,,,,,,,,,,Automation Tooling,Automation Platforms and Management,true,https://github.com/ansible/awx,14607,"AWX provides a web-based user interface, REST API, and task engine built on top of Ansible. It is one of the upstream projects for Red Hat Ansible Automation Platform.",2025-05-21,https://github.com/ansible/awx/commit/6aea69928466e61d7bb04d5c11528945b29b28be,2024-07-02,https://github.com/ansible/awx/releases/tag/24.6.1,2013-02-28,https://github.com/ansible/awx/commit/853021a11e4a2969816b342ba779fe66b5aaa058,668,https://github.com/ansible/awx/graphs/contributors,,,,,,https://www.ansible.com/blog,,,,,,
BackBox,,https://backbox.com/,logos/ece5d62b78c9b18ce3e0c1c4686d8b2a90c8f81b6628bf26f388a34fcd234db6.jpg,,https://www.crunchbase.com/organization/backbox,,,enterprise,,,,"BackBox is an intelligent automation platform that helps organizations manage complex networks by automating critical tasks such as configuration backup, compliance checks, and network inventory management.",,,,,,,,,,,,Automation Tooling,Automation Platforms and Management,,,,,,,,,,,,,,,,,,https://backbox.com/blog/,,,,,,
Batfish,,https://www.batfish.org/,logos/432bd5e7034140a460c597bf8c7b50976eca8a8778ca80c54c91d68b606af43e.png,,,,,full-open-source,,Apache License 2.0,,"A network configuration analysis tool that builds a mathematical model of network behavior, allowing for advanced querying and validation.",,,,,,,,,,,,Network state,"Testing, Compliance & Querying",true,https://github.com/batfish/batfish,1237,"Batfish is a network configuration analysis tool that can find bugs and guarantee the correctness of (planned or current) network configurations. It enables network engineers to rapidly and safely evolve their network, without fear of outages or security breaches.",2025-05-21,https://github.com/batfish/batfish/commit/7f580d21548595354ededc1a633ed177a86ae2d0,2024-07-10,https://github.com/batfish/batfish/releases/tag/v2024.07.10,2014-05-29,https://github.com/batfish/batfish/commit/88fe75ea2366cbf472adfac9d23684d447d23a13,80,https://github.com/batfish/batfish/graphs/contributors,,,,,,,,,,,,
bbmp2kafka,,https://github.com/cloudflare/bbmp2kafka,logos/c40c7606562f5f4e355acfb399fcf7a8f196555919b38cb37c0c5c78f4907e4a.png,,,,,full-open-source,,Other,,"bbmk2pafka is an Open Source BGP Monitoring Protocol (BMP, RFC7854) receiver based on the Bio-Routing BGP/BMP library, designed to forward all BMP Monitoring messages, so specifically BGP UPDATEs and WITHDRAWs, onto a Kafka stream as protobuf messages.",,,,,,,,,,,,Telemetry and observability,Telemetry & Data Collection,true,https://github.com/cloudflare/bbmp2kafka,24,BMP to Kafka processor,2025-04-17,https://github.com/cloudflare/bbmp2kafka/commit/a3602cef4ea3d7ac7bc484f53e6f9873815e9f7d,2023-04-18,https://github.com/cloudflare/bbmp2kafka/releases/tag/v1.0.1,2022-11-04,https://github.com/cloudflare/bbmp2kafka/commit/c37b80d7ad80446bda7a8b05ea4fe173c56d527d,7,https://github.com/cloudflare/bbmp2kafka/graphs/contributors,,,,,,,,,,,,
Cisco Modeling Labs,,https://www.cisco.com/c/en/us/products/cloud-systems-management/modeling-labs/index.html,logos/b7903528a34104672ce8ae07ae78c6c57d27994dab11ee2af23ca67cddc9be0d.png,,,,,commercial-only,,,,"Cisco Modeling Labs is a network simulation platform that allows you to design, build, and test network topologies.",,,,,,,,,,,,Virtualization,Network virtualization platforms,,,,,,,,,,,,,,,,,,,,,,,,
Containerlab,,https://containerlab.srlinux.dev,logos/497c40b7cf7529258656e65ad5477eb49aa0853df101ba06d9da3b258717c8ad.png,,,,,full-open-source,,"BSD 3-Clause ""New"" or ""Revised"" License",,Nokia Containerlab is a container-based network emulation tool that allows you to define and deploy complex network topologies.,,,,,,,,,,,,Virtualization,Network virtualization platforms,true,https://github.com/srl-labs/containerlab,1871,container-based networking labs,2025-05-19,https://github.com/srl-labs/containerlab/commit/ad6f1995dc2f3af549cf036661fd31040a3e96c6,2025-05-05,https://github.com/srl-labs/containerlab/releases/tag/v0.68.0,2020-08-28,https://github.com/srl-labs/containerlab/commit/3ded6d1095a39053dff4251c13d7475eaae1cee5,137,https://github.com/srl-labs/containerlab/graphs/contributors,,,,,,,,,,,,
Crosswork NSO,,https://www.cisco.com/c/en/us/products/cloud-systems-management/network-services-orchestrator/index.html,logos/0fdcfeea0ab309bf28092cf59b182f920456c00b4d9344698891033bd6899b22.png,,,,,commercial-with-trial,,,,CiscoÂ® Network Services Orchestrator (NSO) enabled by Tail-fÂ® is an industry-leading orchestration platform for hybrid networks. It provides comprehensive lifecycle service automation to enable you to design and deliver high-quality services faster and more easily.,,,,,,,,,,,,Automation Tooling,Automation Platforms and Management,,,,,,,,,,,,,,,,,,,,,https://www.youtube.com/@cisconsodeveloperhub492,,,
Datadog,,https://www.datadoghq.com/,logos/2be61bec663f4051e2003b447b4475a620272490920db94d78d704e1f44db7c1.png,,https://www.crunchbase.com/organization/datadog,,,saas,,,,"Datadog is a monitoring and analytics platform for large-scale applications. It brings together data from servers, containers, databases, and third-party services to make your stack entirely observable.",,,,,,,,,,,,Telemetry and observability,Monitoring & Alerting,,,,,,,,,,,,,,,,,,https://www.datadoghq.com/blog/,,,https://www.youtube.com/user/DatadogHQ,,,
DiffSync,,https://diffsync.readthedocs.io/en/latest/index.html,logos/aace2c73b9323ac1ea4326e4bb08af42217f34f7d0784dd994eae913d3ff373d.png,,,,,full-open-source,,Other,,DiffSync is a utility library that can be used to compare and synchronize different datasets.,,,,,,,,,,,,Python Eco-System,Software Libraries,true,https://github.com/networktocode/diffsync,168,A utility library for comparing and synchronizing different datasets.,2025-04-23,https://github.com/networktocode/diffsync/commit/45df339171c6e81de8028c73d7e3f730095244b8,2025-04-25,https://github.com/networktocode/diffsync/releases/tag/v2.1.0,2020-09-02,https://github.com/networktocode/diffsync/commit/4148f9b0ff03a25c6494e9b80cbcfe3415931a75,22,https://github.com/networktocode/diffsync/graphs/contributors,,,,,,,,,,,,
Elastic Stack (ELK),,https://www.elastic.co/elastic-stack/,logos/989f672fadb3cfbce4b87c9518f4bcc1ad51da7d21157e68ed7bd98044eba489.png,,https://www.crunchbase.com/organization/elastic,,,hybrid,,,,"Elastic Stack, formerly known as ELK Stack, is a group of open source products from Elastic designed to help users take data from any type of source and in any format and search, analyze, and visualize it in real time.",,,,,,,,,,,,Telemetry and observability,Monitoring & Alerting,,,,,,,,,,,,,,,,,,https://www.elastic.co/blog/,,,https://www.youtube.com/user/elasticsearch,,,
eNMS,,https://github.com/eNMS-automation/eNMS,logos/03ff30812e440a72b6292e88aa0e7c88b93b4d44390e0eef3342136cd74f04d3.png,,,,,full-open-source,,GNU General Public License v3.0,,"eNMS is a vendor-agnostic NMS designed for building workflow-based network automation solutions, with a focus on visualization, inventory management, and service scheduling.",,,,,,,,,,,,Telemetry and observability,Monitoring & Alerting,true,https://github.com/eNMS-automation/eNMS,820,An enterprise-grade vendor-agnostic network automation platform.,2024-11-23,https://github.com/eNMS-automation/eNMS/commit/11bc60642d4c46d10f502d7bd111c09e49ae55e7,2022-04-29,https://github.com/eNMS-automation/eNMS/releases/tag/v4.2,2017-11-14,https://github.com/eNMS-automation/eNMS/commit/4e177145d829be7b83ae398bd66e9d068c41cbc7,39,https://github.com/eNMS-automation/eNMS/graphs/contributors,,,,,,,,,,,,
eve-ng,,https://www.eve-ng.net,logos/c1fd6c82ccd507bd1d998d8289fe874785b25d3a928867679e5f0a34c7163b6a.png,,,,,freemium,,,,EVE-NG is a network emulator that supports virtualized network environments.,,,,,,,,,,,,Virtualization,Network virtualization platforms,,,,,,,,,,,,,,,,,,,,,,,,
Forward Networks,,https://forwardnetworks.com,logos/b0395531b25a5b520af18046719b0d0dffea3248f353259c5934bc5b12d36141.png,,,,,enterprise,,,,"Forward Networks' flagship software, Forward Enterprise, delivers the best digital twin technology to the world's largest networks.",,,,,,,,,,,,Network state,Network Discovery/Assurance,,,,,,,,,,,,,,,,,,,,,,,,
Gluware,,https://www.gluware.com/,logos/1a66ac7d2955c15272eb9dfd0df5056bebedc8878a2bc4e317b70c1cdee089e4.jpg,,https://www.crunchbase.com/organization/gluware,,,enterprise,,,,"Gluware is an intelligent network automation platform that enables organizations to automate and orchestrate multi-vendor, multi-domain networks at scale, reducing complexity and accelerating time-to-value.",,,,,,,,,,,,Automation Tooling,Automation Platforms and Management,,,,,,,,,,,,,,,,,,https://www.gluware.com/blog/,,,https://www.youtube.com/user/gluware,,,
gNMIc,,https://gnmic.openconfig.net/,logos/26f3e7770e2c63816e78c640d5c2c0cf9d726f613d14432e09f224980bee31df.svg,,,,,full-open-source,,Apache License 2.0,,gNMIc is a full-featured gNMI-focused streaming telemetry collector with rich data processing capabilities and high-availability support.,,,,,,,,,,,,Telemetry and observability,Telemetry & Data Collection,true,https://github.com/openconfig/gnmic,229,gNMIc is a gNMI CLI client and collector,2025-05-01,https://github.com/openconfig/gnmic/commit/fb1ad136bf45a999ae1a2c9e3965936bb09677b3,2025-04-15,https://github.com/openconfig/gnmic/releases/tag/v0.41.0,2020-02-20,https://github.com/openconfig/gnmic/commit/8315335792e9a5b4352f71c9201e9ea88c1e46f1,46,https://github.com/openconfig/gnmic/graphs/contributors,,,,,,,,,,,,
gNMIc,,https://gnmic.openconfig.net/,logos/26f3e7770e2c63816e78c640d5c2c0cf9d726f613d14432e09f224980bee31df.svg,,,,,full-open-source,,Apache License 2.0,,"gNMIc is a gNMI-focused software suite that provides a CLI client, a Go API for gNMI and a streaming telemetry collector implementation.",,,,,,,,,,,,GoLang Eco-System,Software Libraries,true,https://github.com/openconfig/gnmic,229,gNMIc is a gNMI CLI client and collector,2025-05-01,https://github.com/openconfig/gnmic/commit/fb1ad136bf45a999ae1a2c9e3965936bb09677b3,2025-04-15,https://github.com/openconfig/gnmic/releases/tag/v0.41.0,2020-02-20,https://github.com/openconfig/gnmic/commit/8315335792e9a5b4352f71c9201e9ea88c1e46f1,46,https://github.com/openconfig/gnmic/graphs/contributors,,,,,,,,,,,,
GNS3,,https://www.gns3.com,logos/9cbb4c604b2dbdb265efaadad897a59c8e7de80b6fa7696c5234ad963e9b930e.png,,,,,full-open-source,,GNU General Public License v3.0,,GNS3 is a network software emulator that allows the combination of virtual and real devices.,,,,,,,,,,,,Virtualization,Network virtualization platforms,true,https://github.com/GNS3/gns3-gui,2343,GNS3 Graphical Network Simulator,2025-04-21,https://github.com/GNS3/gns3-gui/commit/6b32d8bad6cfefd1e5628d6f1060d7d984ebe0cd,2025-05-14,https://github.com/GNS3/gns3-gui/releases/tag/v3.0.5,2013-09-26,https://github.com/GNS3/gns3-gui/commit/bf43dfc760a8fb1acdf459555d486375af8205fd,51,https://github.com/GNS3/gns3-gui/graphs/contributors,,,,,,,,,,,,
goBMP,,https://github.com/sbezverk/gobmp,logos/4d9d181f28676e24f1abb2dc9f55803b860435cea8641bbba2c76cc66ae4d467.png,,,,,full-open-source,,Apache License 2.0,,"goBMP is an implementation of Open BMP (RFC 7854) protocol's collector in go language. Collected BGP information can be published to kafka topics, stored in the file in JSON format or printed to stdout.",,,,,,,,,,,,Telemetry and observability,Telemetry & Data Collection,true,https://github.com/sbezverk/gobmp,99,go based implementation of BGP's BMP protocol ,2025-03-02,https://github.com/sbezverk/gobmp/commit/9fbd0c3830ec74452a2e56351efa372b086808d7,2022-09-26,https://github.com/sbezverk/gobmp/releases/tag/v1.0.2,2020-03-07,https://github.com/sbezverk/gobmp/commit/7ca0dd4ddec543130a68236a00780a3a27425094,14,https://github.com/sbezverk/gobmp/graphs/contributors,,,,,,,,,,,,
gornir,,https://github.com/nornir-automation/gornir,logos/e908df5457a43da3a126861a09f17e707562e2f8e6ec34e4df9fcd407f6cad9d.jpg,,,,,full-open-source,,Apache License 2.0,,Gornir is a pluggable framework with inventory management to help operate collections of devices. It's similar to nornir but in golang.,,,,,,,,,,,,GoLang Eco-System,Network Programmability Frameworks,true,https://github.com/nornir-automation/gornir,157,,2023-12-19,https://github.com/nornir-automation/gornir/commit/d18c3660bcae92c68e70f9cb6c8c3e6b557f3390,,,2019-06-01,https://github.com/nornir-automation/gornir/commit/02314caac12359570f22af0bfe18e59dfed28089,5,https://github.com/nornir-automation/gornir/graphs/contributors,,,,,,https://nornir.tech/nornir/,,,,,,
Grafana,,https://grafana.com/,logos/df234de0d2075e9c1471d7e23365b5ace551f8805220b0ea55ccbf00f7c26e24.png,,,,,hybrid,,GNU Affero General Public License v3.0,,The open source graphical analytics & monitoring solution default. Often used in conjunction with Prometheus for network monitoring visualization.,,,,,,,,,,,,Telemetry and observability,Monitoring & Alerting,true,https://github.com/grafana/grafana,68090,"The open and composable observability and data visualization platform. Visualize metrics, logs, and traces from multiple sources like Prometheus, Loki, Elasticsearch, InfluxDB, Postgres and many more. ",2025-05-21,https://github.com/grafana/grafana/commit/cab652c4d1524107f05ec067cc6826f627d5d643,2025-05-05,https://github.com/grafana/grafana/releases/tag/v12.0.0,2013-01-26,https://github.com/grafana/grafana/commit/75d03fc49ab4f95ee414f730563f14cbdad9ee64,2764,https://github.com/grafana/grafana/graphs/contributors,,,,,,https://grafana.com/blog/,,,,,,
Hierarchical Configuration,,https://hier-config.readthedocs.io/en/latest/,logos/c55ce18fc6119d77d3e9861372fe4ac81573eec2b47acb95f4dfab493aa7a53f.svg,,,,,full-open-source,,MIT License,,Query and compare network device configurations. Build remediation and rollback configs too.,,,,,,,,,,,,Python Eco-System,Software Libraries,true,https://github.com/netdevops/hier_config,132,Hierarchical Configuration,2025-02-28,https://github.com/netdevops/hier_config/commit/2db52ec887b416b3e21c14d7d829cca3386abd6f,2025-01-14,https://github.com/netdevops/hier_config/releases/tag/v3.2.2,2018-05-11,https://github.com/netdevops/hier_config/commit/0bcd4bee6dace0070262a02b7debe0cfc51315eb,13,https://github.com/netdevops/hier_config/graphs/contributors,,,,,,,,,,,,
Icinga,,https://icinga.com,logos/6052edd7366964bd46daec62f8b0b57e254e6df6aa1e90d05f60af8ff5e3df19.png,,,,,full-open-source,,GNU General Public License v2.0,,"Monitoring system which checks the availability of your network resources, notifies users of outages, and generates performance data for reporting.",,,,,,,,,,,,Telemetry and observability,Monitoring & Alerting,true,https://github.com/Icinga/icinga2,2086,The core of our monitoring platform with a powerful configuration language and REST API.,2025-05-21,https://github.com/Icinga/icinga2/commit/ec2080dcc16c1f8eb427ae1882a8f222670d6db5,2025-02-06,https://github.com/Icinga/icinga2/releases/tag/v2.14.5,2012-03-28,https://github.com/Icinga/icinga2/commit/e11994038dc0a70331da06b7e293838752f3cbaf,311,https://github.com/Icinga/icinga2/graphs/contributors,,,,,,https://icinga.com/blog/,,,,,,
InfraHub,,https://www.opsmill.com,logos/2ff0659a9c1349679cdd0ddce90b4eddd4638cef0471ffc5f4681ec2c394fb3d.svg,,,,,full-open-source,,GNU Affero General Public License v3.0,,"Infrahub from OpsMill is taking a new approach to Infrastructure Management by providing a new generation of datastore to organize and control all the data that defines how an infrastructure should run. Infrahub offers a central hub to manage the data, templates and playbooks that powers your infrastructure by combining the version control and branch management capabilities of Git with the flexible data model and UI of a graph database.",,,,,,,,,,,,Network state,Network Source of Truth,true,https://github.com/opsmill/infrahub,286,"Infrahub offers a central hub to manage the data, templates and playbooks that powers your infrastructure by combining the version control and branch management capabilities of Git with the flexible data model and UI of a graph database.",2025-05-21,https://github.com/opsmill/infrahub/commit/c441445e4bb8b32940a7bfd240798ee59ab751be,2025-05-14,https://github.com/opsmill/infrahub/releases/tag/infrahub-v1.2.10,2022-08-25,https://github.com/opsmill/infrahub/commit/66394fe8d209bf115dbf00cce50ffe52da192089,40,https://github.com/opsmill/infrahub/graphs/contributors,,,,,,,,,,,,
Inmanta,,https://inmanta.com,logos/c1aa660e6a4c8fa43dc0ffbcf146ca573c4b63bb4cdabc05ee04eb9c9dfb8d0c.svg,,,,,hybrid,,Apache License 2.0,,Inmanta Service Orchestrator is a carrier-grade service orchestration and network automation platform that enables network engineers and IT teams to automate and manage the full lifecycle of network and IT services across multi-domain and multi-vendor environments.,,,,,,,,,,,,Automation Tooling,Automation Platforms and Management,true,https://github.com/inmanta/inmanta-core,27,Inmanta is an automation and orchestration tool,2025-05-21,https://github.com/inmanta/inmanta-core/commit/5d23095cf0063946d4bd9068eb36c0122bd8b38f,,,2015-01-08,https://github.com/inmanta/inmanta-core/commit/5036133dbaf015bb36b4b173735039f968ce28a4,30,https://github.com/inmanta/inmanta-core/graphs/contributors,,,,,,,,,https://www.youtube.com/@inmanta,,,
IP Fabric,,https://ipfabric.io,logos/caa0fcef8f855e67a7420ff12bee3c586c73828e1dbdb60ada1e2abe19f7c79d.svg,https://x.com/IPFabric,https://www.crunchbase.com/organization/ip-fabric,,,enterprise,,,,IP Fabric is a network infrastructure visibility and analytics solution helping enterprise network&security teams deliver network assurance and automation.,,,,,,,,,,,,Network state,Network Discovery/Assurance,,,,,,,,,,,,,,,,,,,,,,,,
Itential,,https://www.itential.com/,logos/5ad0153af8bfd562d536c61eeea522ea26d6e734f7c55b8fbb2731420487ecff.png,,https://www.crunchbase.com/organization/itential,,,enterprise,,,,"Itential is an enterprise-grade network automation platform that enables network engineers and IT teams to automate complex network operations across multi-domain and multi-vendor environments. It provides low-code automation capabilities, pre-built network automations, and integrations with various network systems and IT tools.",,,,,,,,,,,,Automation Tooling,Automation Platforms and Management,,,,,,,,,,,,,,,,,,https://www.itential.com/blog/,,,https://www.youtube.com/c/Itential,,,
jagw,,https://jalapeno-api-gateway.github.io/jagw/,logos/252b3565ddf8cadefd1936cd4757f7fca6dc588496cb39014cae9cb9d0c93db7.png,,,,,full-open-source,,MIT License,,The JalapeÃ±o API Gateway offers you a simple and easy to use way to access the data provided by the JalapeÃ±o application stack.,,,,,,,,,,,,Telemetry and observability,Telemetry & Data Collection,true,https://github.com/jalapeno-api-gateway/jagw,3,Microservices for the gateway,2024-06-21,https://github.com/jalapeno-api-gateway/jagw/commit/10b9bc87b16decf1a5f892fefdc28615fa35609f,2024-06-20,https://github.com/jalapeno-api-gateway/jagw/releases/tag/v1.4.0,2022-12-07,https://github.com/jalapeno-api-gateway/jagw/commit/41f0a35407d0e8c51ed7386085749dffd6aed57d,4,https://github.com/jalapeno-api-gateway/jagw/graphs/contributors,,,,,,,,,,,,
jalapeno,,https://cisco-open.github.io/jalapeno/,logos/f600496bc819549b62ac1818fa52da0fca79fc1c5bcdeb01ce5c014b33151954.png,,,,,full-open-source,,Other,,A cloud-native infrastructure platform to enable development of network services collecting telemetry with GoBMP and Telegraf.,,,,,,,,,,,,Telemetry and observability,Telemetry & Data Collection,true,https://github.com/cisco-open/jalapeno,71,An infrastructure platform for network services,2025-03-25,https://github.com/cisco-open/jalapeno/commit/1d65e34e75d9b3ccd023f46ef9819fcc3230e519,,,2017-07-25,https://github.com/cisco-open/jalapeno/commit/bc0b54a69642ebd6735bb953b231bc37ee5a01c2,35,https://github.com/cisco-open/jalapeno/graphs/contributors,,,,,,,,,,,,
Kentik,,https://www.kentik.com/,logos/5996352226d99cc6b1c0936274e2ad0a37691d3d234744a6ab25915ffc841b50.png,,,,,saas,,,,"Kentik is a network observability platform that uses big data and AI to provide real-time network analytics, DDoS protection, and traffic optimization.",,,,,,,,,,,,Telemetry and observability,Observability,,,,,,,,,,,,,,,,,,https://www.kentik.com/blog/,,,https://www.youtube.com/channel/UCsTYhGUm81x6m6lQ-QUwfKA,,,
KnocKnoc,,https://knocknoc.io,logos/82b6c5ccd0ee6341740c22c956922c3f832da575a63bac16d0155a513ed147d8.png,,,,,free-restrictive,,,,Knocknoc removes the attack surface of your existing infrastructure by providing access only to authorised users. Itâ€™s simple to implement and cost-effective at scale.,,,,,,,,,,,,Security,ZTNA,,,,,,,,,,,,,,,,,,,,,https://www.youtube.com/watch?v=yOK0Ro5kvfc,,,
LibreNMS,,https://www.librenms.org,logos/9cef0ec6dd25a05afbaf8ab56503678a5464267f7417d6a2b174afe0f2ee3d1a.png,,,,,full-open-source,,Other,,A fully featured network monitoring system that provides a wealth of features and device support.,,,,,,,,,,,,Telemetry and observability,Monitoring & Alerting,true,https://github.com/librenms/librenms,4207,Community-based GPL-licensed network monitoring system,2025-05-21,https://github.com/librenms/librenms/commit/7be04c10703b70affccd4d81b4033b13edd73ebd,2025-04-14,https://github.com/librenms/librenms/releases/tag/25.4.0,2007-04-03,https://github.com/librenms/librenms/commit/824c4d2ad4f31e863f0fe4cb082866ed0ffb2a4d,1498,https://github.com/librenms/librenms/graphs/contributors,,,,,,https://community.librenms.org/c/blog/8,,,,,,
NAPALM (Network Automation and Programmability Abstraction Layer with Multivendor support),,https://napalm.readthedocs.io,logos/b5d6fa5cf9656a14aafec774f5140ff953ccff6c66ff752d3b3daad12bd3dd33.png,,,,,full-open-source,,Apache License 2.0,,NAPALM is a Python library that implements a set of functions to interact with different network device Operating Systems using a unified API.,,,,,,,,,,,,Python Eco-System,Network Programmability Frameworks,true,https://github.com/napalm-automation/napalm,2329,Network Automation and Programmability Abstraction Layer with Multivendor support,2025-05-08,https://github.com/napalm-automation/napalm/commit/77921f691a7dd099b1d44ba544d8d12db8f51b06,2024-04-10,https://github.com/napalm-automation/napalm/releases/tag/5.0.0,2014-12-19,https://github.com/napalm-automation/napalm/commit/8472e7d97cafb0e316310c5ca08da0d3dad47b17,215,https://github.com/napalm-automation/napalm/graphs/contributors,,,,,,,,,,,,
Nautobot,,https://nautobot.com/,logos/ab8b3260edcb4a978e33ce8aa4b9539ea5ba3a47101c4911b83b931e0ffc63c6.png,,,,,full-open-source,,Apache License 2.0,,Nautobot is a Network Source of Truth and Network Automation Platform.,,,,,,,,,,,,Network state,Network Source of Truth,true,https://github.com/nautobot/nautobot,1202,Network Source of Truth & Network Automation Platform,2025-05-21,https://github.com/nautobot/nautobot/commit/f775b83ab4d955c0d6a75606b08c0588730937ef,2025-05-12,https://github.com/nautobot/nautobot/releases/tag/v2.4.8,2016-03-01,https://github.com/nautobot/nautobot/commit/27b289ee3b30ed3b0643a1c78c2e8caec329dcd2,313,https://github.com/nautobot/nautobot/graphs/contributors,,,,,,https://blog.networktocode.com,,,https://www.youtube.com/@networktocode6721,,,
Nautobot Golden Config,,https://docs.nautobot.com/projects/golden-config/en/latest/,,,,,,full-open-source,,Other,,The Golden Config App is a Nautobot App that provides a NetDevOps approach to golden configuration and configuration compliance.,,,,,,,,,,,,Reporting & Insights,Business Intelligence,true,https://github.com/nautobot/nautobot-app-golden-config,107,Golden Configuration App for Nautobot.,2025-05-17,https://github.com/nautobot/nautobot-app-golden-config/commit/39d4876ffe1c4145923126d21c47aa37d5dfe276,2025-05-09,https://github.com/nautobot/nautobot-app-golden-config/releases/tag/v2.4.1,2021-02-24,https://github.com/nautobot/nautobot-app-golden-config/commit/e911cf5b229900f69fd8792ed6b1a92db9ebc55a,47,https://github.com/nautobot/nautobot-app-golden-config/graphs/contributors,,,,,,,,,,,,
ncclient,,https://ncclient.readthedocs.io/en/latest/,logos/614426f2d90e234bbe4302ab8f1bd79748e1eecc08020846c51b985d1b052fb1.webp,,,,,full-open-source,,Other,,ncclient is a Python library that facilitates client-side scripting and application development around the NETCONF protocol.,,,,,,,,,,,,Python Eco-System,Software Libraries,true,https://github.com/networktocode/netutils,231,Python library that is a collection of functions and objects for common network automation tasks.,2025-05-20,https://github.com/networktocode/netutils/commit/c41a4021396a78042025053d03fa86bca73693a8,2025-04-01,https://github.com/networktocode/netutils/releases/tag/v1.13.0,2021-05-08,https://github.com/networktocode/netutils/commit/b5084bfb8b76413ed10399048e07b07ded84e86f,40,https://github.com/networktocode/netutils/graphs/contributors,,,,,,,,,,,,
ncdiff,,https://diffsync.readthedocs.io/en/latest/index.html,logos/e4ba069e5dd443c224011a82ac94d3b0b5519cd73b8baf1824dc9365fb6bfb0a.png,,,,,full-open-source,,Apache License 2.0,,Extended ncclient NETCONF client with diff capabilities.,,,,,,,,,,,,Python Eco-System,Software Libraries,true,https://github.com/CiscoTestAutomation/ncdiff,24,NETCONF Diff Engine,2025-05-07,https://github.com/CiscoTestAutomation/ncdiff/commit/2846a80cd63afadef3f473d3c3b0d10cd913e349,,,2018-05-04,https://github.com/CiscoTestAutomation/ncdiff/commit/35ec179f303bc3dc65d334cb274dc99ff45aa8f9,14,https://github.com/CiscoTestAutomation/ncdiff/graphs/contributors,,,,,,,,,,,,
Netbox Community,,https://netboxlabs.com,logos/c01d8418ffb09b12e2e3830c86c41853ca955daef0b3d78b72d12bfc530654ef.svg,https://twitter.com/NetBoxOfficial,https://www.crunchbase.com/organization/netbox-labs,,,full-open-source,nsot,Apache License 2.0,,NetBox is the leading solution for modeling and documenting modern networks.,,,,,,,,,,,,Network state,Network Source of Truth,true,https://github.com/netbox-community/netbox,17740,The premier source of truth powering network automation. Open source under Apache 2. Try NetBox Cloud free: https://netboxlabs.com/products/free-netbox-cloud/,2025-05-21,https://github.com/netbox-community/netbox/commit/98d9e7f8d57171568b98a40704c2b0c612038f39,2025-05-13,https://github.com/netbox-community/netbox/releases/tag/v4.3.1,2016-03-01,https://github.com/netbox-community/netbox/commit/27b289ee3b30ed3b0643a1c78c2e8caec329dcd2,405,https://github.com/netbox-community/netbox/graphs/contributors,2024-05-14,,,,,https://netboxlabs.com/blog/,,,https://www.youtube.com/channel/UCs5FgE5p03tP-8InKVIojdw,,,
NetBrain,,https://www.netbraintech.com/,logos/51c10205bfd1d77d9dd007b1625838bfdf2e4727da45df9c89d79f86e380c973.png,,https://www.crunchbase.com/organization/netbrain-technologies,,,enterprise,,,,"NetBrain is a network automation and visibility platform that provides dynamic network mapping, automated network documentation, and intelligent troubleshooting capabilities for enterprise networks.",,,,,,,,,,,,Network state,Network Discovery/Assurance,,,,,,,,,,,,,,,,,,https://www.netbraintech.com/blog/,,,,,,
Netdisco,,http://netdisco.org,logos/4e56bcc243bff1816b5085d86d3022e43a5b8897538bd5b1f731d840b2e9f099.jpg,,,,,full-open-source,,,,"Netdisco is a web-based network management tool suitable for small to very large networks. IP and MAC address data is collected into a PostgreSQL database using SNMP, CLI, or device APIs.",,,,,,,,,,,,Network state,Network Discovery/Assurance,,,,,,,,,,,,,,,,,,,,,,,,
netlab,,https://netlab.tools/,logos/6c59317a34b83b7b5e9dae298e3433d8cb37e867a3421294c40db33e092cab04.png,,,,,full-open-source,,Other,,"netlab is a network lab builder and CLI tool that creates virtual network labs using libvirt, Docker, or Podman containers. It supports multiple virtualization providers and network operating systems.",,,,,,,,,,,,Virtualization,Network virtualization platforms,true,https://github.com/ipspace/netlab,508,Making virtual networking labs suck less,2025-05-21,https://github.com/ipspace/netlab/commit/b49759839d3e971f85549298c6d5902e4a8850cd,,,2020-12-09,https://github.com/ipspace/netlab/commit/5e01d23307b3bdcd37fcbe5bed89b6d79d898c43,31,https://github.com/ipspace/netlab/graphs/contributors,,,,,,https://blog.ipspace.net/,,,,,,
Netmiko,,https://github.com/ktbyers/netmiko,logos/90d56487f0bf9f7913eabc85d056cfada74e67a37af60dab723a5c3d0432e203.png,,,,,full-open-source,,MIT License,,Netmiko is a multi-vendor library to simplify Paramiko SSH connections to network devices. It provides a unified API to connect to various network devices.,,,,,,,,,,,,Python Eco-System,Software Libraries,true,https://github.com/ktbyers/netmiko,3808,Multi-vendor library to simplify Paramiko SSH connections to network devices,2025-04-23,https://github.com/ktbyers/netmiko/commit/ced9a54fea2e36ff7b5be23010112996e72055ac,2024-12-09,https://github.com/ktbyers/netmiko/releases/tag/v4.5.0,2014-11-28,https://github.com/ktbyers/netmiko/commit/87bdbe14668b08177b5f0c887856e36c95f7e6be,259,https://github.com/ktbyers/netmiko/graphs/contributors,,,,,,,,,,,,
Netos,,https://netos.io,logos/dd9d78e775b34439c645d2ba3a5957c6d69157eb2b5e01e3b17e164aee726c69.svg,,,,,enterprise,,,,"Netos bridges Business, IT Networks, and Finance with best-in-class data and analytics to quickly deliver actionable financial insights from within NetBox.",,,,,,,,,,,,Reporting & Insights,Business Intelligence,,,,,,,,,,,,,,,,,,https://netos.io/articles-and-research,,,https://www.youtube.com/@netos-networks,,,
Netos Fabric,,https://netos.io,logos/1f3292f88f0f14a92d55849ae509c5e5565ad823a91b30c6ee3cecb09a5ee581.svg,,,,,enterprise,,,,"Netos Fabric delivers network discovery and data normalization (ETL), all managed, orchestrated, and tracked in NetBox. It integrates seamlessly with any vendor using CLI, APIs, or other methods. Scalable and flexible, it scales to millions of tasks using Airflow for real-time job scheduling.",,,,,,,,,,,,Network state,Network Discovery/Assurance,,,,,,,,,,,,,,,,,,https://netos.io/articles-and-research,,https://netdev-community.slack.com/archives/C07RC7E803B,https://www.youtube.com/@netos-networks,,,
Netos NetOps,,https://docs.netos.io/books/1-semaphore-netops,logos/72fcf423447bd02435b42e80fa2919b459ada51705a082e1f615819b9cd03e6b.svg,,,,,full-open-source,,Apache License 2.0,,"Built with Ansible Semaphore, the Netos NetOps project lays the foundation to install and manage NetBox, and other network tools.",,,,,,,,,,,,Telemetry and observability,Monitoring & Alerting,true,https://github.com/netos-networks/netos-netops,5,Netos Semaphore,2024-10-11,https://github.com/netos-networks/netos-netops/commit/a4d7e5b4ed5226278db1b9a5a5cce8bb17e614ad,,,2024-08-22,https://github.com/netos-networks/netos-netops/commit/20508e45556c1a74fa113fe7cc5944c72fe0ca5c,2,https://github.com/netos-networks/netos-netops/graphs/contributors,,,,,,https://netos.io/articles-and-research,,https://netdev-community.slack.com/archives/C07RC7E803B,https://www.youtube.com/@netos-networks,,,
Netpicker,,https://netpicker.io,logos/87bc632804d57ffdc69a33bef959f60dbb54026e4d20637a3a2932ed61c09c98.png,,,,,freemium,,,,"Test the design, security and compliance of your network, A Python-based testing platform for your network",,,,,,,,,,,,Network state,"Testing, Compliance & Querying",,,,,,,,,,,,,,,,,,,,,,,,
netrasp,,https://github.com/networklore/netrasp,logos/018b28bcbe8b83d112c1d0f6dae23234144be106dd1c67fcda584ef321062b09.png,,,,,full-open-source,,Apache License 2.0,,Netrasp is a package that communicates to network devices over SSH. It takes care of handling the pty terminal of network devices giving you an API with common actions such as executing commands and configuring devices.,,,,,,,,,,,,GoLang Eco-System,Software Libraries,true,https://github.com/networklore/netrasp,72,,2021-04-23,https://github.com/networklore/netrasp/commit/2a6631e4fc36003ee4937decf21e9f3d4276f324,,,2021-02-28,https://github.com/networklore/netrasp/commit/db8bb6544c7d13e619c4fb51b9b522103fd8ede8,3,https://github.com/networklore/netrasp/graphs/contributors,,,,,,,,,,,,
netutils,,https://netutils.readthedocs.io/en/latest/,logos/efb0abf7b23bc057396af85aea4637c0a4ef0ed31afe159e58a311c865735c5f.png,,,,,full-open-source,,Other,,Collection of functions that are used in the common network automation tasks.,,,,,,,,,,,,Python Eco-System,Software Libraries,true,https://github.com/networktocode/netutils,231,Python library that is a collection of functions and objects for common network automation tasks.,2025-05-20,https://github.com/networktocode/netutils/commit/c41a4021396a78042025053d03fa86bca73693a8,2025-04-01,https://github.com/networktocode/netutils/releases/tag/v1.13.0,2021-05-08,https://github.com/networktocode/netutils/commit/b5084bfb8b76413ed10399048e07b07ded84e86f,40,https://github.com/networktocode/netutils/graphs/contributors,,,,,,,,,,,,
NORFAB (Network Automation Fabric),,https://docs.norfablabs.com/,logos/6856080a0d4bdd34162d865626ee0296d910a4cdccb7f4b425611b2a21294852.png,,,,,full-open-source,,Apache License 2.0,,NORFAB is a framework for extreme network automations that acts as a glue bringing network automation tools together.,,,,,,,,,,,,Python Eco-System,Network Programmability Frameworks,true,https://github.com/norfablabs/NORFAB,21,Network Automations Fabric,2025-05-17,https://github.com/norfablabs/NORFAB/commit/1fae929127cdec48d24d9c656ec2bf837dfd2fd3,2025-05-15,https://github.com/norfablabs/NORFAB/releases/tag/0.8.0,2023-09-13,https://github.com/norfablabs/NORFAB/commit/a25d825c1fb5d568848717e76c2b777de407f593,1,https://github.com/norfablabs/NORFAB/graphs/contributors,,,,,,,,,,,,
Nornir,,https://nornir.readthedocs.io,logos/e908df5457a43da3a126861a09f17e707562e2f8e6ec34e4df9fcd407f6cad9d.jpg,,,,,full-open-source,,Apache License 2.0,,"Nornir is a pure Python automation framework that can be used for network automation tasks. It's designed to be fast, flexible, and easy to extend.",,,,,,,,,,,,Python Eco-System,Network Programmability Frameworks,true,https://github.com/nornir-automation/nornir,1465,Pluggable multi-threaded framework with inventory management to help operate collections of devices,2025-04-14,https://github.com/nornir-automation/nornir/commit/6888a6344732291508ce6d9081181865fd945126,2025-01-08,https://github.com/nornir-automation/nornir/releases/tag/v3.5.0,2017-11-19,https://github.com/nornir-automation/nornir/commit/c7bba8aeebe37515fdb40bfcae72541c99376f20,61,https://github.com/nornir-automation/nornir/graphs/contributors,,,,,,https://nornir.tech/nornir/,,,,,,
NTC Templates,,https://github.com/networktocode/ntc-templates,logos/b348f873e80cdd3157d816240ba3b440227fc47c3a4e204805f086689a4844ae.png,,,,,full-open-source,,Other,,"Repository of TextFSM Templates for Network Devices, and Python wrapper for TextFSM's CliTable. TextFSM is a tool to help make parsing cli commands more manageable.",,,,,,,,,,,,Python Eco-System,Software Libraries,true,https://github.com/networktocode/ntc-templates,1166,TextFSM templates for parsing show commands of network devices,2025-05-21,https://github.com/networktocode/ntc-templates/commit/55624097b45b2212f085c2901aedd77120fea3c8,2025-05-21,https://github.com/networktocode/ntc-templates/releases/tag/v7.9.0,2016-04-27,https://github.com/networktocode/ntc-templates/commit/cc61388f3c6e4543b878e426b30420173d6b6bc4,284,https://github.com/networktocode/ntc-templates/graphs/contributors,,,,,,,,,,,,
NUTS,,https://nuts.readthedocs.io/,logos/1b712422548d5f0d59371a9eeb269250bcf84e26379c0dc74af63ba1eda4a664.png,,,,,full-open-source,,MIT License,,NUTS (Network Unit Testing System) is a Pytest plugin enabling network testing using YAML files.,,,,,,,,,,,,Network state,"Testing, Compliance & Querying",true,https://github.com/network-unit-testing-system/nuts,133,NUTS defines a desired network state and checks it against a real network using pytest and nornir.,2025-05-10,https://github.com/network-unit-testing-system/nuts/commit/cb0aa4bc70688e1f6faa919d6d6eb06dac59cc66,2025-05-10,https://github.com/network-unit-testing-system/nuts/releases/tag/v3.5.0,2020-10-20,https://github.com/network-unit-testing-system/nuts/commit/4910653551e2fb9e90274cb88a90dc17e323758b,16,https://github.com/network-unit-testing-system/nuts/graphs/contributors,,,,,,,,,,,,
Observium,,https://www.observium.org/,logos/1978a510794d740d7d5a1382fecfca86ddd344a146ff16cc5463523941f4cffb.png,,,,,hybrid,,Other,,"Observium is a network monitoring platform supporting a wide range of device types, platforms and operating systems.",,,,,,,,,,,,Telemetry and observability,Monitoring & Alerting,true,https://github.com/DanielleHuisman/observium-community-edition,43,Unofficial mirror of Observium Community Edition. Automatic updates through a GitHub Actions workflow.,2024-12-25,https://github.com/DanielleHuisman/observium-community-edition/commit/9f799d444ac7aee4fff8a87b2daa8a719e24d474,2024-12-25,https://github.com/DanielleHuisman/observium-community-edition/releases/tag/v24.12,2020-04-08,https://github.com/DanielleHuisman/observium-community-edition/commit/51bdfbadb531f889290ee51d5710acc1948b5310,4,https://github.com/DanielleHuisman/observium-community-edition/graphs/contributors,,,,,,,,,,,,
Ondatra,,https://github.com/openconfig/ondatra,logos/d270f0443cf342068a85672280e27bf56b9cbc3d6eb43a7d68f3d9931433db5e.png,,,,,full-open-source,,,,Ondatra (Open Network Device Automated Test Runner and API) is a framework for writing and running tests against both real and containerized network devices.,,,,,,,,,,,,Network state,"Testing, Compliance & Querying",,https://github.com/openconfig/ondatra,60,,2025-05-13,https://github.com/openconfig/ondatra/commit/92206fefeab8a346921bbec48fef3366ad124019,2025-05-13,https://github.com/openconfig/ondatra/releases/tag/v0.9.1,2021-06-01,https://github.com/openconfig/ondatra/commit/4f446e90ffdbb16a84f6f105c6f882897a4db72e,6,https://github.com/openconfig/ondatra/graphs/contributors,,,,,,,,,,,,
OpenTofu,,https://opentofu.org,logos/0f08845ba6c945c464036276d41e3b13db93cbdbfa3f0419a0b03d89b8b8ef8c.png,,,,,full-open-source,,Mozilla Public License 2.0,,"OpenTofu is an infrastructure as code tool that lets you define both cloud and on-prem resources in human-readable configuration files that you can version, reuse, and share.",,,,,,,,,,,,Automation Tooling,Continuous Configuration Automation (CCA),true,https://github.com/opentofu/opentofu,25451,OpenTofu lets you declaratively manage your cloud infrastructure.,2025-05-19,https://github.com/opentofu/opentofu/commit/6f0d3d3a07a49309b30960d57225c9f7c701e9a9,2025-04-24,https://github.com/opentofu/opentofu/releases/tag/v1.9.1,2014-05-21,https://github.com/opentofu/opentofu/commit/649cf336e86da10910f6e50ea3cfaad507a2e336,2303,https://github.com/opentofu/opentofu/graphs/contributors,,,,,,https://opentofu.org/blog/,,,,,,
Orb Community,,https://orb.community/,logos/ff1dd528d8d8f42b11b0169c0b3edd600aeafd7e2edcac37a1762c3c90e7fc3a.png,,,,,full-open-source,,Mozilla Public License 2.0,,"Orb is an open-source observability platform that provides a unified view of metrics, logs, and traces. It aims to simplify the complexities of observability by offering an integrated solution for monitoring and troubleshooting distributed systems.",,,,,,,,,,,,Telemetry and observability,Monitoring & Alerting,true,https://github.com/orb-community/orb,647,Orb is a dynamic network observability platform with agent fleet orchestration and data pipelines with OpenTelemetry,2024-12-23,https://github.com/orb-community/orb/commit/445ed5827411b57ba53cfd1da5b9ebfb19a38e79,2024-08-20,https://github.com/orb-community/orb/releases/tag/v0.30.0,2021-02-18,https://github.com/orb-community/orb/commit/79d84c75dc3d98d0596fc2e6af1bff407c47a0be,44,https://github.com/orb-community/orb/graphs/contributors,,,,,,,,,,,,
Peering Manager,,https://peering-manager.net/,logos/3d838cd65daef01232ecb8b70e2fa5353f060a0f0527478aa4503c0967203eef.svg,,,,,full-open-source,nsot,Apache License 2.0,,Peering Manager is a BGP management tool,,,,,,,,,,,,Network state,Network Source of Truth,true,https://github.com/peering-manager/peering-manager,515,BGP sessions management tool,2025-05-20,https://github.com/peering-manager/peering-manager/commit/62f9b85d0e43bb9caf60c88efb60ddf56a5726e9,2025-04-11,https://github.com/peering-manager/peering-manager/releases/tag/v1.9.6,2017-08-15,https://github.com/peering-manager/peering-manager/commit/8b34b726ff75e13db4c53ad3331b66a92df0b41c,45,https://github.com/peering-manager/peering-manager/graphs/contributors,,,,,,,,,,,,
Pliant,,https://pliant.io/,logos/7f14292a2566ecc633b222cf1f3ada3727098c028d39e82cbfa5c7cfd9030737.png,,https://www.crunchbase.com/organization/pliant,,,saas,,,,"Pliant [an IBM company] is a low-code automation platform that enables teams to quickly build, deploy, and scale workflows across IT operations, DevOps, and Site Reliability Engineering (SRE) functions. It provides a unified interface for automating complex processes across diverse technology stacks.",,,,,,,,,,,,Automation Tooling,Automation Platforms and Management,,,,,,,,,,,,,,,,,,https://pliant.io/blog/,,,,,,
Prometheus,,https://prometheus.io/,logos/a1db17c392a9876b29e664d22bc5c0c31279f1a224c8c8102e9ab79500329341.png,,,,,full-open-source,,Apache License 2.0,,"An open-source systems monitoring and alerting toolkit, popular in cloud-native environments but also very applicable to network monitoring.",,,,,,,,,,,,Telemetry and observability,Monitoring & Alerting,true,https://github.com/prometheus/prometheus,58619,The Prometheus monitoring system and time series database.,2025-05-06,https://github.com/prometheus/prometheus/commit/690c9da81762bebb3bceebf8d332df6ac2417baa,2025-05-17,https://github.com/prometheus/prometheus/releases/tag/v3.4.0,2012-11-24,https://github.com/prometheus/prometheus/commit/734d28b515026ca9f429eba0a7d09954bceb6387,1203,https://github.com/prometheus/prometheus/graphs/contributors,,,,https://prometheus.devstats.cncf.io/,,https://prometheus.io/blog/,,https://slack.cncf.io/,https://www.youtube.com/channel/UC4pLFely0-Odea4B2NL1nWA,,,
Proxylity UDP Gateway,,https://www.proxylity.com/,logos/e7c63165f328362adf61459af64477c1a3902a924e1cc448e854bd8f9876b20d.png,,,,,saas,,,,"UDP Gateway provides a bridge between UDP traffic and compute, storage and event handling services in AWS with an automation-friendly IaC model that simplifies a wide varietry of observability and telemetric collection and processing models.",,,,,,,,,,,,Telemetry and observability,Telemetry & Data Collection,,,,,,,,,,,,,,,,,,,,,,,,
Pulumi,,https://www.pulumi.com,logos/2d6f0fcbd06c9ba801f5fe07905eb30542b4039e8a711e370928a1c43519253e.svg,,,,,hybrid,,Apache License 2.0,,"Pulumi is an open-source infrastructure as code tool that allows you to use familiar programming languages like TypeScript, Python, Go, and .NET to define and manage cloud infrastructure across various providers.",,,,,,,,,,,,Automation Tooling,Continuous Configuration Automation (CCA),true,https://github.com/pulumi/pulumi,23074,Pulumi - Infrastructure as Code in any programming language ðŸš€,2025-05-21,https://github.com/pulumi/pulumi/commit/c3a815fa0be1067acbe21738a085055c69ea0e1d,2025-05-21,https://github.com/pulumi/pulumi/releases/tag/v3.171.0,2016-10-08,https://github.com/pulumi/pulumi/commit/86f6117640ebaaffb8689e241a668218b24f4690,314,https://github.com/pulumi/pulumi/graphs/contributors,,,,,,https://www.pulumi.com/blog/,,,https://www.youtube.com/c/PulumiTV,,,
Puppet Enterprise,,https://puppet.com/products/puppet-enterprise/,logos/63f0befcd90e500b69d68c86f88a2206c622fb9a3f7529ee501bfb21d6723837.svg,,,,,enterprise,,,,Puppet Enterprise is a configuration management platform that allows you to deliver and operate consistently secure infrastructure at scale.,,,,,,,,,,,,Automation Tooling,Automation Platforms and Management,,,,,,,,,,,,,,,,,,https://puppet.com/blog/,,,https://www.youtube.com/user/PuppetLabsInc,,,
PyangBind,,https://github.com/robshakir/pyangbind,logos/8cb9e9e0a20bae74c015677adf6702bddb6a2c1a5bff667248ca96828cf2bd40.png,,,,,full-open-source,,Other,,Pyang plugin to create Python bindings for a YANG model.,,,,,,,,,,,,Python Eco-System,Software Libraries,true,https://github.com/robshakir/pyangbind,210,A plugin for pyang that creates Python bindings for a YANG model.,2024-09-12,https://github.com/robshakir/pyangbind/commit/a4bd3bd1edca5eb72908a73bc391caecc2f0c250,2024-08-05,https://github.com/robshakir/pyangbind/releases/tag/0.8.6,2015-04-12,https://github.com/robshakir/pyangbind/commit/49ace01f5d5582f324a5d671ffe96fec055aece3,26,https://github.com/robshakir/pyangbind/graphs/contributors,,,,,,,,,,,,
pyATS,,https://developer.cisco.com/pyats/,logos/12ba4c3850179c2caf9bf858d8a783cea7dcf2435426a66012d98bd9b69dd980.png,,,,,closed-core,,Apache License 2.0,,"Cisco pyATS is a Network Test and Automation Solution with a closed-source core and open-source extensions. The core framework is available in binary format, while related packages like Unicon plugins are fully open source.",,,,,,,,,,,,Network state,"Testing, Compliance & Querying",true,https://github.com/CiscoTestAutomation/pyats,156,Cisco DevNet pyATS Test Framework Bug Tracker,2025-04-30,https://github.com/CiscoTestAutomation/pyats/commit/7ed0b1f38081e786b60aa8eb4d473f1b47edb1bd,2024-10-01,https://github.com/CiscoTestAutomation/pyats/releases/tag/v24.9,2017-12-14,https://github.com/CiscoTestAutomation/pyats/commit/82413a261c7df40f145bb8d4b8ce3a9b9bb83378,27,https://github.com/CiscoTestAutomation/pyats/graphs/contributors,,,,,,https://blogs.cisco.com/tag/pyats,,,,,,
pydantify,,https://pydantify.github.io/pydantify/,logos/0808d2249486f468265fa6d93a7443cef864617c1d02e194b36889ec78d48236.svg,,,,,full-open-source,,MIT License,,Transform YANG models into Pydantic datastructures that can be initialized with config values and serialized.,,,,,,,,,,,,Python Eco-System,Software Libraries,true,https://github.com/pydantify/pydantify,72,Transform YANG models into pydantic datastructures,2025-02-11,https://github.com/pydantify/pydantify/commit/8cb63a3d36ab715c5b022d1204965f2b5aad1d1c,2025-02-09,https://github.com/pydantify/pydantify/releases/tag/v0.8.0,2022-09-19,https://github.com/pydantify/pydantify/commit/8f5de65d8087fdc989da441831749cae51c75ad8,7,https://github.com/pydantify/pydantify/graphs/contributors,,,,,,,,,,,,
pyeapi,,https://pyeapi.readthedocs.io/en/master/index.html,logos/dce872e7d3f3eebd69921896480078037be0229147a8018df21253b0f96b64f9.png,,,,,full-open-source,,"BSD 3-Clause ""New"" or ""Revised"" License",,The Python Client for eAPI (pyeapi) is a native Python library wrapper around Arista EOS eAPI.,,,,,,,,,,,,Python Eco-System,Software Libraries,true,https://github.com/arista-eosplus/pyeapi,146,Python client for Arista eAPI,2024-12-16,https://github.com/arista-eosplus/pyeapi/commit/c8427cc5a4bb82f79cbb3ad2fe00512b3deb2d55,2024-08-20,https://github.com/arista-eosplus/pyeapi/releases/tag/v1.0.4,2014-11-19,https://github.com/arista-eosplus/pyeapi/commit/73137f02a8096912fa21577c458e1ffd811a9477,52,https://github.com/arista-eosplus/pyeapi/graphs/contributors,,,,,,,,,,,,
PyEZ,,https://www.juniper.net/documentation/product/en_US/junos-pyez,logos/10ac94ab168145a58a8803135215f9488f6256b90f21f437115e5e56c14c5b20.png,,,,,full-open-source,,Apache License 2.0,,Juniper PyEZ is a Python library for managing and automating Juniper devices. It provides a Pythonic interface to the NETCONF API and other management interfaces.,,,,,,,,,,,,Python Eco-System,Software Libraries,true,https://github.com/Juniper/py-junos-eznc,691,Python library for Junos automation,2025-04-30,https://github.com/Juniper/py-junos-eznc/commit/b506a95500bd49dce8387a3ed1daabe04a641329,2025-04-30,https://github.com/Juniper/py-junos-eznc/releases/tag/2.7.4,2013-10-12,https://github.com/Juniper/py-junos-eznc/commit/b92a6f8fc9df637e03f0b6e06d8498d491cb23aa,115,https://github.com/Juniper/py-junos-eznc/graphs/contributors,,,,,,,,,,,,
pyGNMI,,https://github.com/akarneliuk/pygnmi/,logos/0319da722a93eeaa145acb08be71853f99b7bcd271ca2c268c027d8ec014352f.png,,,,,full-open-source,,"BSD 3-Clause ""New"" or ""Revised"" License",,Python gNMI client,,,,,,,,,,,,Python Eco-System,Software Libraries,true,https://github.com/akarneliuk/pygnmi,139,The pure Python implementation of the gNMI client.,2025-03-10,https://github.com/akarneliuk/pygnmi/commit/ccf168a5a80e3611d572cc7bac00ba8600aed47e,2025-03-10,https://github.com/akarneliuk/pygnmi/releases/tag/v0.8.15,2020-09-14,https://github.com/akarneliuk/pygnmi/commit/2a8f6ad96748f4a5be4f35b7fa758352a8cc668f,28,https://github.com/akarneliuk/pygnmi/graphs/contributors,,,,,,,,,https://www.youtube.com/watch?v=NooE_uHIgys&list=PLsTgo2tBPnTwmeP9zsd8B_tZR-kbguvla,,,
PySROS,,https://network.developer.nokia.com/static/sr/learn/pysros/latest/index.html#,logos/f956117532b0c7ae02a137adf94a7fc6f4c6cd99f7b8ddffa0f7750d76ce5ae7.png,,,,,full-open-source,,,,The pySROS libraries provide a model-driven management interface for Python developers to integrate with supported Nokia routers running the Service Router Operating System (SR OS).,,,,,,,,,,,,Python Eco-System,Software Libraries,,,,,,,,,,,,,,,,,,,,,,,,
rConfig,,https://www.rconfig.com/,logos/92cd2d3f44cfd3043828c73641d279dbf2b5c930b4ed847341a1bc1b5db28f38.png,,,,,freemium,,GNU General Public License v3.0,,"rConfig is a free, open source network device configuration management utility for network engineers to take frequent configuration snapshots of their network devices.",,,,,,,,,,,,Automation Tooling,Automation Platforms and Management,true,https://github.com/rconfig/rconfig,132,rConfig V6 Core,2025-03-31,https://github.com/rconfig/rconfig/commit/2454b95b12e9202371ab3e989877ec9eb76043b8,,,2023-03-15,https://github.com/rconfig/rconfig/commit/520f60537321299c801a3f65d34ae9d973ea70e9,4,https://github.com/rconfig/rconfig/graphs/contributors,,,,,,,,,,,,
Red Hat Ansible Automation Platform,,https://www.redhat.com/en/technologies/management/ansible,logos/302399452405a1689c0fa727816271bf2ae2579bd4318399dc90e69275bf006d.png,,,,,enterprise,,,,Red Hat Ansible Automation Platform is a foundation for building and operating automation at scale. It includes all the tools needed to implement enterprise-wide automation.,,,,,,,,,,,,Automation Tooling,Automation Platforms and Management,,,,,,,,,,,,,,,,,,https://www.ansible.com/blog,,,https://www.youtube.com/ansibleautomation,,,
Rundeck,,https://www.rundeck.com/,logos/afa1ee2ab2646ed139bc83961815f8ac6139e78530cfe3e05c5eadd6d44cfb3c.svg,,,,,hybrid,,Apache License 2.0,,"Rundeck is an open source automation service with a web console, command line tools, and API. It lets you easily run automation tasks across a set of nodes.",,,,,,,,,,,,Automation Tooling,Automation Platforms and Management,true,https://github.com/rundeck/rundeck,5786,"Enable Self-Service Operations: Give specific users access to your existing tools, services, and scripts",2025-05-20,https://github.com/rundeck/rundeck/commit/9ef542d1e51c319b335c13a16fd71bb049075920,2025-05-12,https://github.com/rundeck/rundeck/releases/tag/v5.12.0,2010-10-11,https://github.com/rundeck/rundeck/commit/41a2ce0991a2c32ffde06f623afb6ec3278fa4c2,267,https://github.com/rundeck/rundeck/graphs/contributors,,,,,,https://www.rundeck.com/blog,,,,,,
Salt,,https://saltproject.io,logos/a81ca3a206a6904b84f31410d8ce3d4d5b77533194cda2624f8f9a07775ad9e4.png,,,,,full-open-source,,Apache License 2.0,,"Salt is a powerful and flexible open-source software for remote execution, configuration management, and infrastructure orchestration. It's gaining popularity in network automation for its speed and scalability.",,,,,,,,,,,,Automation Tooling,Continuous Configuration Automation (CCA),true,https://github.com/saltstack/salt,14520,Software to automate the management and configuration of infrastructure and applications at scale.,2025-05-17,https://github.com/saltstack/salt/commit/ead1ff01ad3775e5c51589c3ccccc1f2c51a0afb,2025-05-14,https://github.com/saltstack/salt/releases/tag/v3007.2,2011-02-20,https://github.com/saltstack/salt/commit/7578c4d9f429b91dd8df553fc6ed78f4c8b76e7c,3968,https://github.com/saltstack/salt/graphs/contributors,,,,,,https://saltproject.io/blog/,,,,,,
Scrapli,,https://github.com/carlmontanari/scrapli,logos/2581d6ae5b5fa55410e01b2c6e840772378f445d49abee87239efff564a4960f.svg,,,,,full-open-source,,MIT License,,"Scrapli is a Python library focused on connecting to network devices (routers/switches/firewalls/etc.) via Telnet or SSH. It aims to be fast, flexible, and easy to use for both synchronous and asynchronous operations.",,,,,,,,,,,,Python Eco-System,Software Libraries,true,https://github.com/carlmontanari/scrapli,607,"Fast, flexible, sync/async, Python 3.9+ screen scraping client specifically for network devices",2025-04-12,https://github.com/carlmontanari/scrapli/commit/38846ea1d444fc1857fdecee55b734a3b29fb6af,2025-01-31,https://github.com/carlmontanari/scrapli/releases/tag/2025.01.30,2020-01-27,https://github.com/carlmontanari/scrapli/commit/487cef1320f4b531d5554544efe3a18873f56e3e,28,https://github.com/carlmontanari/scrapli/graphs/contributors,,,,,,,,,,,,
ScrapliGo,,https://github.com/scrapli/scrapligo,logos/d65e3ad94b934730b1e76d8b0a09c7e45c4e377edc3947deb2120ade2dc44070.svg,,,,,full-open-source,,MIT License,,"Scrapligo is a Go library focused on connecting to devices, specifically network devices (routers/switches/firewalls/etc.) via SSH and NETCONF.",,,,,,,,,,,,GoLang Eco-System,Software Libraries,true,https://github.com/scrapli/scrapligo,271,"scrapli, but in go!",2025-05-20,https://github.com/scrapli/scrapligo/commit/4b549c70eb36f5e5a418d7d96ce4cd24f2361b4d,2024-11-11,https://github.com/scrapli/scrapligo/releases/tag/v1.3.3,2021-05-18,https://github.com/scrapli/scrapligo/commit/183d2e073927c9beefee0fa6611b1a5d1a66d71b,28,https://github.com/scrapli/scrapligo/graphs/contributors,,,,,,,,,,,,
Semaphore UI,,https://semaphoreui.com,logos/e1b7420800dafb43d5dc107fae350d4f136823a6feaf1dac23120a8c849d81c5.png,,,,,full-open-source,,MIT License,,"Semaphore UI is a powerful and user-friendly interface designed to manage Ansible automation projects efficiently. It provides a graphical user interface to simplify running, scheduling, and managing Ansible playbooks, making automation accessible to teams of all sizes.",,,,,,,,,,,,Automation Tooling,Automation Platforms and Management,true,https://github.com/semaphoreui/semaphore,11860,"Modern UI and powerful API for Ansible, Terraform, OpenTofu, PowerShell and other DevOps tools.",2025-05-15,https://github.com/semaphoreui/semaphore/commit/41069396ec2e5f27b7b0cb3cd5e2be0c79e6a506,2025-05-07,https://github.com/semaphoreui/semaphore/releases/tag/v2.14.10,2014-08-23,https://github.com/semaphoreui/semaphore/commit/82a40395d9edf1e593f475cd8c31b28e0199205b,167,https://github.com/ansible-semaphore/semaphore/graphs/contributors,,,,,,https://semaphoreui.com/blog,,https://semaphoreui.slack.com/,,,,
Slurpit,,https://slurpit.io,logos/c4212051c1389337cede5c3b385416c620f4d7dfdde086fb3e37fc1d3808b5e2.png,,https://www.crunchbase.com/organization/cloud-native-computing-foundation,,,freemium,,,,Slurpâ€™it is a powerful and easy-to-use network discovery solution that offers 100% accurate network inventory. No coding required.,,,,,,,,,,,,Network state,Network Discovery/Assurance,,,,,,,,,,,,,,,,,,,,,,,,
Spacelift,,https://spacelift.io/,logos/07a3220ddaf39fdc1a5ac0b88d80d2f949cde23f425f32d2673c79d3f4584563.png,,,,,saas,,,,Spacelift is a sophisticated SaaS-delivered infrastructure management platform that enables infrastructure automation through software development practices.,,,,,,,,,,,,Automation Tooling,Automation Platforms and Management,,,,,,,,,,,,,,,,,,https://spacelift.io/blog,,,,,,
Splunk,,https://www.splunk.com/,logos/d8d8af275a8a11d50a885cb2249f642c46113a62c1182bc9c6ef0f44553086f6.svg,,https://www.crunchbase.com/organization/splunk,,,hybrid,,,,"Splunk [a Cisco company] is a software platform for searching, monitoring, and analyzing machine-generated big data, via a web-style interface. It captures, indexes, and correlates real-time data in a searchable repository, from which it can generate graphs, reports, alerts, dashboards, and visualizations.",,,,,,,,,,,,Telemetry and observability,Monitoring & Alerting,,,,,,,,,,,,,,,,,,https://www.splunk.com/en_us/blog.html,,,https://www.youtube.com/user/splunkvideos,,,
StackStorm,,https://stackstorm.com/,logos/ba5320ab111a5dce33b048a3385e224be350c5cffa1c5452635857f3cb6e5dac.jpg,,,,,full-open-source,,Apache License 2.0,,"StackStorm (aka ""IFTTT for Ops"") is event-driven automation for auto-remediation, incident responses, troubleshooting, deployments, and more for DevOps and SREs",,,,,,,,,,,,Automation Tooling,Automation Platforms and Management,true,https://github.com/StackStorm/st2,6248,"StackStorm (aka ""IFTTT for Ops"") is event-driven automation for auto-remediation, incident responses, troubleshooting, deployments, and more for DevOps and SREs. Includes rules engine, workflow, 160 integration packs with 6000+ actions (see https://exchange.stackstorm.org) and ChatOps. Installer at https://docs.stackstorm.com/install/index.html",2025-05-13,https://github.com/StackStorm/st2/commit/ea35b8cd8fb80317c241b106a2e55dc6e7f421e9,2023-12-13,https://github.com/StackStorm/st2/releases/tag/v3.8.1,2014-04-23,https://github.com/StackStorm/st2/commit/6627d4ab1c99c55a6a485cae959a8e76b478cc94,225,https://github.com/StackStorm/st2/graphs/contributors,,,,,,,,,,,,
SuzieQ,,https://www.suzieq.io/,logos/93ca0a0e3c703bb44c6404c21a613eeef875bbda55987bd0d3ee12f2509cf6d7.png,,,,,freemium,,Apache License 2.0,,"An open-source, multivendor network observability platform for cloud-first networks.",,,,,,,,,,,,Network state,"Testing, Compliance & Querying",true,https://github.com/netenglabs/suzieq,821,Using network observability to operate and design healthier networks,2025-05-09,https://github.com/netenglabs/suzieq/commit/584b22abb1d66f8cb50da76f35f0522b1607bff7,2025-05-09,https://github.com/netenglabs/suzieq/releases/tag/v0.24.0,2020-01-07,https://github.com/netenglabs/suzieq/commit/bae56ef39cf61902457791b7465389173f1106bb,32,https://github.com/netenglabs/suzieq/graphs/contributors,,,,,,https://www.stardustsystems.net/blog,,,,,,
Telegraf,,https://www.influxdata.com/time-series-platform/telegraf/,logos/c0fd56870171e3ebfa2835cb9198071aa3a6dfd2ad293e2734d923d3ff982ef6.png,,,,,full-open-source,,MIT License,,"Telegraf is a plugin-driven server agent for collecting and reporting metrics. It has integrations to source a variety of metrics, events, and logs directly from containers and systems it's running on, as well as pulling metrics from third-party APIs.",,,,,,,,,,,,Telemetry and observability,Telemetry & Data Collection,true,https://github.com/influxdata/telegraf,15593,"Agent for collecting, processing, aggregating, and writing metrics, logs, and other arbitrary data.",2025-05-21,https://github.com/influxdata/telegraf/commit/67cf2d75edea91babd2794cbff4b1d52fa07c3ab,2025-05-19,https://github.com/influxdata/telegraf/releases/tag/v1.34.4,2015-04-01,https://github.com/influxdata/telegraf/commit/b8e13890a9623b7cfdf3569c0cd579e3814339dc,1451,https://github.com/influxdata/telegraf/graphs/contributors,,,,,,https://www.influxdata.com/blog/,,,https://www.youtube.com/influxdata,,,
Temporal,,https://temporal.io/,logos/d12d353299e539dd716b2ab211d1b59b23a8ee702cc391bbb3ea6702649e17b5.svg,,,,,hybrid,,MIT License,,Temporal is a microservice orchestration platform that enables developers to build scalable and reliable applications using durable execution.,,,,,,,,,,,,Automation Tooling,Automation Platforms and Management,true,https://github.com/temporalio/temporal,14093,Temporal service,2025-05-19,https://github.com/temporalio/temporal/commit/1bbabe5ea29cea9e6c4c0bfdee7a5f98e3f0133e,2025-03-28,https://github.com/temporalio/temporal/releases/tag/v1.27.2,2016-10-24,https://github.com/temporalio/temporal/commit/685242e53fb0c0d9cbdd62fc7725418b528506eb,228,https://github.com/temporalio/temporal/graphs/contributors,,,,,,https://temporal.io/blog,,https://temporal.io/slack,https://www.youtube.com/temporalio,,,
Terraform,,https://www.terraform.io,logos/371135a1fdd0c702557c60a49a8e4686de3478c178dc5dddb3fa35e4b8b540cf.png,,,,,hybrid,,Other,,"Terraform is an open-source infrastructure as code software tool that provides a consistent CLI workflow to manage hundreds of cloud services. While primarily focused on cloud infrastructure, it's increasingly used for network automation, especially in cloud-native environments.",,,,,,,,,,,,Automation Tooling,Continuous Configuration Automation (CCA),true,https://github.com/hashicorp/terraform,45220,"Terraform enables you to safely and predictably create, change, and improve infrastructure. It is a source-available tool that codifies APIs into declarative configuration files that can be shared amongst team members, treated as code, edited, reviewed, and versioned.",2025-05-21,https://github.com/hashicorp/terraform/commit/d8d890f3b26cd61ec523a3cdbb58645b972be697,2025-05-21,https://github.com/hashicorp/terraform/releases/tag/v1.12.1,2014-05-21,https://github.com/hashicorp/terraform/commit/649cf336e86da10910f6e50ea3cfaad507a2e336,2290,https://github.com/hashicorp/terraform/graphs/contributors,,,,,,https://www.hashicorp.com/blog/products/terraform,,,https://www.youtube.com/hashicorp,,,
torero.dev,,https://torero.dev,logos/57f4744c8a2bfd40ba3d82571f21673c5a9393046d790f838dc149e781a35258.png,,,,,closed-core,,,,"Closed source with restrictive EULA, proprietary network automation tool to launch python and ansible playbooks, I have no idea who would want this.",,,,,,,,,,,,Automation Tooling,Automation Platforms and Management,,,,,,,,,,,,,,,,,,,,,,,,
TTP,,https://github.com/dmulyalin/ttp,logos/8306ad871551aa9ab6ac4fbf475571251ca442bb8dfa7a4073496f06a160e3f1.png,,,,,full-open-source,,MIT License,,Template Text Parser is a Python library for semi-structured text parsing using templates.,,,,,,,,,,,,Python Eco-System,Software Libraries,true,https://github.com/dmulyalin/ttp,359,Template Text Parser,2024-01-31,https://github.com/dmulyalin/ttp/commit/d6476d387ca2078e0306c2546148850d3ceb246c,2023-06-25,https://github.com/dmulyalin/ttp/releases/tag/0.9.5,2019-10-18,https://github.com/dmulyalin/ttp/commit/1dddc309df07baff08d3dbab2b500483f08be363,5,https://github.com/dmulyalin/ttp/graphs/contributors,,,,,,,,,,,,
Workflow Orchestrator,,https://workfloworchestrator.org,logos/dfaa102e088c650f9565d327808285d3c238c142660ee79aebfdae40c509f274.svg,,,,,full-open-source,,Apache License 2.0,,"The Workflow Orchestrator is a framework of tools that help the developer create workflow to modify the lifecycle of subscribed products. It is un-opinionated in what it can orchestrate, but very opinionated in how. The Orchestrator is designed to run linear workflows that represent the business process of delivering a product.",,,,,,,,,,,,Automation Tooling,Automation Platforms and Management,true,https://github.com/workfloworchestrator/orchestrator-core,52,The workflow orchestrator core repository,2025-05-21,https://github.com/workfloworchestrator/orchestrator-core/commit/cbdf950cf4cf1ce36d78d1c3c69440bc1dc82053,2025-05-21,https://github.com/workfloworchestrator/orchestrator-core/releases/tag/4.0.0,2020-10-08,https://github.com/workfloworchestrator/orchestrator-core/commit/4bd2d5ca7160861223fefc8881a77fd1d4dfdbed,41,https://github.com/workfloworchestrator/orchestrator-core/graphs/contributors,,,,,,,,,,,,
ygot,,https://github.com/openconfig/ygot,logos/09f24de966f974bcb32020364c7f66e60447930322240b79344ccbcd93432856.png,,,,,full-open-source,,Apache License 2.0,,A YANG-centric Go toolkit - Go/Protobuf Code Generation; Validation; Marshaling/Unmarshaling,,,,,,,,,,,,GoLang Eco-System,Software Libraries,true,https://github.com/openconfig/ygot,298,A YANG-centric Go toolkit - Go/Protobuf Code Generation; Validation; Marshaling/Unmarshaling,2025-04-07,https://github.com/openconfig/ygot/commit/de2c33d58203d9966eeb8b428bcba98a05933588,2025-04-07,https://github.com/openconfig/ygot/releases/tag/v0.31.0,2017-08-15,https://github.com/openconfig/ygot/commit/0ee5916ffe8ffe906542281d02554ca3fbda714f,36,https://github.com/openconfig/ygot/graphs/contributors,,,,,,,,,,,,
Zabbix,,https://www.zabbix.com/,logos/9e7daceda830e871b9226a88d936eb7ebd1bf8d018a7b0250450856b9bc23231.png,,,,,full-open-source,,GNU Affero General Public License v3.0,,An enterprise-class open source distributed monitoring solution for networks and applications.,,,,,,,,,,,,Telemetry and observability,Monitoring & Alerting,true,https://github.com/zabbix/zabbix,4909,"Real-time monitoring of IT components and services, such as networks, servers, VMs, applications and the cloud.",2025-05-21,https://github.com/zabbix/zabbix/commit/3113e9177884d73073a38887cabee12a5b1e6b90,,,2001-03-28,https://github.com/zabbix/zabbix/commit/cedf98f7d6709022f5a7119da6323c1922bc07b6,172,https://github.com/zabbix/zabbix/graphs/contributors,,,,,,https://blog.zabbix.com/,https://lists.sourceforge.net/lists/listinfo/zabbix-users,https://zabbix.com/community,https://www.youtube.com/user/ZabbixSIA,,,
ZPE Systems,,https://zpesystems.com/,logos/184f30a9e2ec06a949f3e2bda6b2b8a772e2d4dbbcb594e8e1955a878778c64f.png,,,,,enterprise,,,,"ZPE Systems provides innovative network infrastructure solutions, including the Nodegrid platform for out-of-band management, NetOps automation, and edge computing. Their solutions enable organizations to automate, secure, and manage critical network infrastructure.",,,,,,,,,,,,Automation Tooling,Automation Platforms and Management,,,,,,,,,,,,,,,,,,https://zpesystems.com/blog/,,,,,,
